{
  "swagger": "2.0",
  "info": {
    "description": "Your API for adventures and experiences",
    "version": "1.0.0",
    "title": "Aventura Xperience API version 1.0",
    "contact": {
      "email": "codingwithrobert@gmail.com"
    },
    "license": {
      "name": "Apache 2.0",
      "url": "http://www.apache.org/licenses/LICENSE-2.0.html"
    }
  },
  "host": "localhost:3000",
  "basePath": "/api/v1",
  "tags": [
    {
      "name": "user",
      "description": "Request about user"
    }
  ],
  "schemes": [
    "http"
  ],
  "paths": {
    "/user/create": {
      "post": {
        "tags": [
          "user"
        ],
        "summary": "Create an user.",
        "description": "This can only be done by the logged in user.",
        "operationId": "createUser",
        "produces": [
          "application/json"
        ],
        "parameters": [
          {
            "in": "body",
            "name": "body",
            "description": "Created user object",
            "required": true,
            "schema": {
              "$ref": "#/definitions/User"
            }
          }
        ],
        "responses": {
          "201": {
            "description": "successful : user created"
          }
        }
      }
    },
    "/user/:id": {
      "get": {
        "tags": [
          "user"
        ],
        "summary": "List all users.",
        "description": "No need you be logged.",
        "operationId": "listUsers",
        "produces": [
          "application/json"
        ],
        "parameters": [
          {
            "in": "body",
            "name": "body",
            "description": "Return an array with user objects",
            "required": true,
            "schema": {
              "type": "array",
              "items": {
                "$ref": "#/definitions/User"
              }
            }
          }
        ],
        "responses": {
          "default": {
            "description": "successful operation"
          }
        }
      }
    }
  },
  "securityDefinitions": {
    "petstore_auth": {
      "type": "oauth2",
      "authorizationUrl": "http://petstore.swagger.io/oauth/dialog",
      "flow": "implicit",
      "scopes": {
        "write:pets": "modify pets in your account",
        "read:pets": "read your pets"
      }
    },
    "api_key": {
      "type": "apiKey",
      "name": "api_key",
      "in": "header"
    }
  },
  "definitions": {
    "User": {
      "type": "object",
      "properties": {
        "id": {
          "type": "string"
        },
        "email": {
          "type": "string"
        },
        "password": {
          "type": "string"
        }
      }
    }
  },
  "externalDocs": {
    "description": "Find out more about Swagger",
    "url": "http://swagger.io"
  }
}