{
     "cities": [
          {
               "id": 609,
               "id_country": 28,
               "name": "Las Palmas"
          },
          {
               "id": 610,
               "id_country": 28,
               "name": "Soria"
          },
          {
               "id": 611,
               "id_country": 28,
               "name": "Palencia"
          },
          {
               "id": 612,
               "id_country": 28,
               "name": "Zamora"
          },
          {
               "id": 613,
               "id_country": 28,
               "name": "Cádiz"
          },
          {
               "id": 614,
               "id_country": 28,
               "name": "Navarra"
          },
          {
               "id": 615,
               "id_country": 28,
               "name": "Ourense"
          },
          {
               "id": 616,
               "id_country": 28,
               "name": "Segovia"
          },
          {
               "id": 617,
               "id_country": 28,
               "name": "Guipúzcoa"
          },
          {
               "id": 618,
               "id_country": 28,
               "name": "Ciudad Real"
          },
          {
               "id": 619,
               "id_country": 28,
               "name": "Vizcaya"
          },
          {
               "id": 620,
               "id_country": 28,
               "name": "Álava"
          },
          {
               "id": 621,
               "id_country": 28,
               "name": "A Coruña"
          },
          {
               "id": 622,
               "id_country": 28,
               "name": "Cantabria"
          },
          {
               "id": 623,
               "id_country": 28,
               "name": "Almería"
          },
          {
               "id": 624,
               "id_country": 28,
               "name": "Zaragoza"
          },
          {
               "id": 625,
               "id_country": 28,
               "name": "Santa Cruz de Tenerife"
          },
          {
               "id": 626,
               "id_country": 28,
               "name": "Cáceres"
          },
          {
               "id": 627,
               "id_country": 28,
               "name": "Guadalajara"
          },
          {
               "id": 628,
               "id_country": 28,
               "name": "Ávila"
          },
          {
               "id": 629,
               "id_country": 28,
               "name": "Toledo"
          },
          {
               "id": 630,
               "id_country": 28,
               "name": "Castellón"
          },
          {
               "id": 631,
               "id_country": 28,
               "name": "Tarragona"
          },
          {
               "id": 632,
               "id_country": 28,
               "name": "Lugo"
          },
          {
               "id": 633,
               "id_country": 28,
               "name": "La Rioja"
          },
          {
               "id": 634,
               "id_country": 28,
               "name": "Ceuta"
          },
          {
               "id": 635,
               "id_country": 28,
               "name": "Murcia"
          },
          {
               "id": 636,
               "id_country": 28,
               "name": "Salamanca"
          },
          {
               "id": 637,
               "id_country": 28,
               "name": "Valladolid"
          },
          {
               "id": 638,
               "id_country": 28,
               "name": "Jaén"
          },
          {
               "id": 639,
               "id_country": 28,
               "name": "Girona"
          },
          {
               "id": 640,
               "id_country": 28,
               "name": "Granada"
          },
          {
               "id": 641,
               "id_country": 28,
               "name": "Alacant"
          },
          {
               "id": 642,
               "id_country": 28,
               "name": "Córdoba"
          },
          {
               "id": 643,
               "id_country": 28,
               "name": "Albacete"
          },
          {
               "id": 644,
               "id_country": 28,
               "name": "Cuenca"
          },
          {
               "id": 645,
               "id_country": 28,
               "name": "Pontevedra"
          },
          {
               "id": 646,
               "id_country": 28,
               "name": "Teruel"
          },
          {
               "id": 647,
               "id_country": 28,
               "name": "Melilla"
          },
          {
               "id": 648,
               "id_country": 28,
               "name": "Barcelona"
          },
          {
               "id": 649,
               "id_country": 28,
               "name": "Badajoz"
          },
          {
               "id": 650,
               "id_country": 28,
               "name": "Madrid"
          },
          {
               "id": 651,
               "id_country": 28,
               "name": "Sevilla"
          },
          {
               "id": 652,
               "id_country": 28,
               "name": "València"
          },
          {
               "id": 653,
               "id_country": 28,
               "name": "Huelva"
          },
          {
               "id": 654,
               "id_country": 28,
               "name": "Lleida"
          },
          {
               "id": 655,
               "id_country": 28,
               "name": "León"
          },
          {
               "id": 656,
               "id_country": 28,
               "name": "Illes Balears"
          },
          {
               "id": 657,
               "id_country": 28,
               "name": "Burgos"
          },
          {
               "id": 658,
               "id_country": 28,
               "name": "Huesca"
          },
          {
               "id": 659,
               "id_country": 28,
               "name": "Asturias"
          },
          {
               "id": 660,
               "id_country": 28,
               "name": "Málaga"
          }
     ]
}